{
  "welcomeFile": "/index.html",
  "authenticationMethod": "route",
  "logout": {
   "logoutEndpoint": "/logout",
   "logoutPage": "/index.html"
  },
  "routes": [
    {
      "source": "^/resources/(.*)$",
      "target": "/resources/$1",
      "authenticationType": "none",
      "destination": "ui5"
    },
    {
      "source": "^/api/(.*)$",
      "target": "/api/$1",
      "destination": "DEST_VPP_LICENSE",
      "authenticationType": "xsuaa",
      "csrfProtection": false
    },
    {
      "source": "^(.*)$",
      "target": "$1",
      "service": "html5-apps-repo-rt",
      "authenticationType": "xsuaa"
    }
  ]
}
